trade_id,price,side,size,time
1,300.0,buy,0.01,2014-12-01T05:33:56.761199Z
2,300.0,sell,0.01,2014-12-01T05:40:23.076096Z
3,370.0,buy,0.01,2014-12-01T06:24:08.666679Z
4,370.0,buy,0.02655554,2014-12-01T06:50:12.679585Z
5,377.0,sell,0.01,2014-12-02T05:29:26.178172Z
6,377.75,sell,0.25,2014-12-02T10:59:09.955878Z
7,378.0,sell,3.75,2014-12-02T10:59:09.957409Z
8,378.0,sell,4.9,2014-12-02T11:04:17.456075Z
9,378.0,sell,5.2,2014-12-02T11:05:40.382426Z
10,378.0,sell,0.1,2014-12-02T18:43:00.191489Z
11,378.0,sell,0.7936,2014-12-02T18:58:23.079105Z
12,378.0,sell,0.01,2014-12-02T20:02:01.552322Z
13,377.9,sell,0.01,2014-12-03T05:35:56.695054Z
14,378.0,sell,0.0660842,2014-12-03T05:51:44.672901Z
15,378.0,sell,0.01052422,2014-12-03T06:08:09.234378Z
16,378.0,sell,0.35,2014-12-03T18:32:59.664987Z
17,377.01,buy,0.1,2014-12-03T20:06:26.722303Z
18,378.0,sell,0.01,2014-12-03T22:55:58.622557Z
19,377.1,buy,0.01,2014-12-04T01:48:05.650712Z
20,378.0,sell,0.015,2014-12-06T01:41:25.480009Z
21,375.01,buy,0.01,2014-12-08T22:26:26.90174Z
22,375.0,buy,0.225,2014-12-08T22:26:26.902175Z
23,398.0,sell,0.01,2014-12-10T02:42:44.796483Z
24,360.5,buy,0.01,2014-12-10T02:43:09.61377Z
25,379.0,buy,0.05,2014-12-12T03:30:01.697007Z
26,364.99,sell,0.01,2014-12-12T03:33:13.367308Z
27,360.5,buy,0.99,2014-12-12T03:44:35.567182Z
28,360.0,buy,0.1,2014-12-12T03:44:38.971616Z
29,350.0,buy,2.0,2014-12-12T03:46:05.567613Z
30,345.0,buy,1.0,2014-12-18T20:56:57.552085Z
31,340.0,buy,1.0,2014-12-18T20:56:57.552779Z
32,360.0,sell,0.01,2015-01-08T01:24:02.125747Z
33,271.84,buy,0.01,2015-01-08T01:27:21.136737Z
34,276.34,sell,0.01,2015-01-08T01:27:43.114073Z
35,295.19,buy,0.01,2015-01-08T01:28:08.266347Z
36,319.84,sell,0.01,2015-01-08T01:28:17.228866Z
37,271.6,sell,0.01,2015-01-08T01:28:31.4638Z
38,344.67,sell,0.01,2015-01-08T01:29:42.416998Z
39,346.41,sell,0.01,2015-01-08T01:30:14.93892Z
40,305.38,sell,0.01,2015-01-08T01:30:40.323004Z
41,345.11,buy,0.01,2015-01-08T01:31:07.924172Z
42,274.68,sell,0.01,2015-01-08T01:31:33.133842Z
43,270.35,buy,0.01,2015-01-08T01:31:48.113249Z
44,333.68,sell,0.01,2015-01-08T01:32:02.329537Z
45,334.97,sell,0.01,2015-01-08T01:32:43.955584Z
46,345.44,sell,0.01,2015-01-08T01:32:53.331463Z
47,280.16,buy,0.01,2015-01-08T01:33:28.851425Z
48,295.38,sell,0.01,2015-01-08T01:33:41.145775Z
49,333.29,buy,0.01,2015-01-08T01:34:04.547349Z
50,270.56,buy,0.01,2015-01-08T01:34:44.616521Z
51,321.98,buy,0.01,2015-01-08T01:34:55.392278Z
52,302.25,sell,0.01,2015-01-08T01:35:27.709211Z
53,349.67,sell,0.01,2015-01-08T01:35:48.551842Z
54,302.12,buy,0.01,2015-01-08T01:36:23.286467Z
55,287.34,sell,0.01,2015-01-08T01:36:49.833864Z
56,330.17,buy,0.01,2015-01-08T01:37:29.90084Z
57,281.36,sell,0.01,2015-01-08T01:37:46.048924Z
58,336.38,sell,0.01,2015-01-08T01:38:07.403711Z
59,347.37,buy,0.01,2015-01-08T01:38:35.389909Z
60,326.1,sell,0.01,2015-01-08T01:39:13.333168Z
61,324.84,buy,0.01,2015-01-08T01:39:36.106418Z
62,341.35,sell,0.01,2015-01-08T01:39:49.588Z
63,348.77,sell,0.01,2015-01-08T01:40:01.482622Z
64,344.67,sell,0.01,2015-01-08T01:40:44.035814Z
65,340.62,sell,0.01,2015-01-08T01:40:53.144103Z
66,333.73,buy,0.01,2015-01-08T01:41:34.362499Z
67,329.84,sell,0.01,2015-01-08T01:42:08.525786Z
68,313.42,sell,0.01,2015-01-08T01:42:39.857446Z
69,333.28,sell,0.01,2015-01-08T01:42:52.283428Z
70,273.2,sell,0.01,2015-01-08T01:43:10.903483Z
71,316.19,sell,0.01,2015-01-08T01:43:42.296405Z
72,323.27,sell,0.01,2015-01-08T01:44:22.374985Z
73,351.38,buy,0.01,2015-01-08T01:44:44.001163Z
74,307.38,buy,0.01,2015-01-08T01:45:07.122427Z
75,284.78,sell,0.01,2015-01-08T01:45:14.260054Z
76,305.93,buy,0.01,2015-01-08T01:45:34.853282Z
77,328.7,buy,0.01,2015-01-08T01:45:48.048298Z
78,314.65,buy,0.01,2015-01-08T01:46:02.811749Z
79,279.37,sell,0.01,2015-01-08T01:46:19.93061Z
80,337.9,buy,0.01,2015-01-08T01:46:34.987504Z
81,328.24,sell,0.01,2015-01-08T01:47:19.050035Z
82,318.31,buy,0.01,2015-01-08T01:47:51.202235Z
83,327.61,sell,0.01,2015-01-08T01:47:58.510021Z
84,307.25,sell,0.01,2015-01-08T01:48:39.802772Z
85,317.98,buy,0.01,2015-01-08T01:48:48.172952Z
86,359.39,buy,0.01,2015-01-08T01:49:08.405638Z
87,301.99,buy,0.01,2015-01-08T01:49:31.23281Z
88,303.53,sell,0.01,2015-01-08T01:50:02.879629Z
89,290.18,sell,0.01,2015-01-08T01:50:11.719671Z
90,333.28,buy,0.01,2015-01-08T01:50:56.485667Z
91,278.49,buy,0.01,2015-01-08T01:51:14.019884Z
92,329.03,sell,0.01,2015-01-08T01:51:37.214551Z
93,333.45,buy,0.01,2015-01-08T01:52:01.598085Z
94,318.88,sell,0.01,2015-01-08T01:52:43.390674Z
95,328.39,buy,0.01,2015-01-08T01:53:16.230162Z
96,326.47,sell,0.01,2015-01-08T01:53:34.538387Z
97,272.63,sell,0.01,2015-01-08T01:54:05.221025Z
98,331.94,sell,0.01,2015-01-08T01:54:20.442011Z
99,297.55,buy,0.01,2015-01-08T01:55:05.514574Z
100,301.49,sell,0.01,2015-01-08T01:55:27.2342Z
101,312.07,buy,0.01,2015-01-08T01:55:47.622162Z
102,332.37,sell,0.01,2015-01-08T01:56:29.312585Z
103,285.69,buy,0.01,2015-01-08T01:56:35.053154Z
104,299.34,sell,0.01,2015-01-08T01:57:19.192387Z
105,317.96,buy,0.01,2015-01-08T01:57:51.477072Z
106,337.79,sell,0.01,2015-01-08T01:58:18.164621Z
107,290.91,buy,0.01,2015-01-08T01:58:56.805881Z
108,343.03,sell,0.01,2015-01-08T01:59:14.184048Z
109,336.84,buy,0.01,2015-01-08T01:59:23.174931Z
110,283.25,sell,0.01,2015-01-08T01:59:58.594277Z
111,334.27,sell,0.01,2015-01-08T02:00:11.359345Z
112,336.87,sell,0.01,2015-01-08T02:00:51.576386Z
113,293.04,buy,0.01,2015-01-08T02:01:27.225628Z
114,334.52,sell,0.01,2015-01-08T02:01:33.913002Z
115,326.43,sell,0.01,2015-01-08T02:01:53.178116Z
116,293.59,buy,0.01,2015-01-08T02:01:59.127408Z
117,279.55,buy,0.01,2015-01-08T02:02:40.07708Z
118,344.94,buy,0.01,2015-01-08T02:03:22.924662Z
119,324.92,buy,0.01,2015-01-08T02:03:28.747023Z
120,344.53,buy,0.01,2015-01-08T02:04:14.219075Z
121,333.68,buy,0.01,2015-01-08T02:04:44.131921Z
122,298.82,buy,0.01,2015-01-08T02:05:23.896896Z
123,278.48,buy,0.01,2015-01-08T02:05:31.945714Z
124,301.6,buy,0.01,2015-01-08T02:05:53.624324Z
125,311.66,buy,0.01,2015-01-08T02:06:36.721947Z
126,308.48,sell,0.01,2015-01-08T02:07:04.071847Z
127,269.57,sell,0.01,2015-01-08T02:07:25.342072Z
128,294.66,buy,0.01,2015-01-08T02:08:02.598087Z
129,285.68,buy,0.01,2015-01-08T02:08:42.678076Z
130,298.1,sell,0.01,2015-01-08T02:09:21.425412Z
131,344.94,sell,0.01,2015-01-08T02:09:55.871625Z
132,336.23,buy,0.01,2015-01-08T02:10:36.783731Z
133,315.83,buy,0.01,2015-01-08T02:10:56.968532Z
134,324.28,sell,0.01,2015-01-08T02:11:13.487815Z
135,277.83,sell,0.01,2015-01-08T02:11:25.560694Z
136,298.77,sell,0.01,2015-01-08T02:11:46.075414Z
137,318.01,sell,0.01,2015-01-08T02:12:05.446052Z
138,344.92,sell,0.01,2015-01-08T02:12:20.938317Z
139,323.58,buy,0.01,2015-01-08T02:12:52.409055Z
140,299.64,buy,0.01,2015-01-08T02:13:08.465621Z
141,329.58,sell,0.01,2015-01-08T02:13:31.130276Z
142,310.01,buy,0.01,2015-01-08T02:13:42.073533Z
143,322.57,sell,0.01,2015-01-08T02:13:55.807461Z
144,317.91,buy,0.01,2015-01-08T02:14:07.054184Z
145,289.69,sell,0.01,2015-01-08T02:14:33.204553Z
146,323.78,sell,0.01,2015-01-08T02:14:39.919185Z
147,333.11,sell,0.01,2015-01-08T02:14:54.221483Z
148,298.13,buy,0.01,2015-01-08T02:15:23.75386Z
149,304.57,buy,0.01,2015-01-08T02:15:34.811014Z
150,270.93,sell,0.01,2015-01-08T02:16:08.032039Z
151,298.09,sell,0.01,2015-01-08T02:16:18.176335Z
152,306.6,sell,0.01,2015-01-08T02:16:35.981337Z
153,280.81,sell,0.01,2015-01-08T02:16:44.61411Z
154,279.95,sell,0.01,2015-01-08T02:16:50.211094Z
155,275.19,sell,0.01,2015-01-08T02:17:00.89441Z
156,317.43,buy,0.01,2015-01-08T02:17:31.320758Z
157,339.22,sell,0.01,2015-01-08T02:18:02.51489Z
158,290.39,sell,0.01,2015-01-08T02:18:34.938074Z
159,335.29,buy,0.01,2015-01-08T02:19:09.357642Z
160,280.41,sell,0.01,2015-01-08T02:19:33.218439Z
161,304.59,sell,0.01,2015-01-08T02:19:47.283721Z
162,316.99,sell,0.01,2015-01-08T02:20:31.481103Z
163,300.51,buy,0.01,2015-01-08T02:20:54.64054Z
164,292.22,sell,0.01,2015-01-08T02:21:15.114157Z
165,331.57,sell,0.01,2015-01-08T02:21:51.528562Z
166,322.87,sell,0.01,2015-01-08T02:22:15.067083Z
167,333.05,sell,0.01,2015-01-08T02:22:36.40254Z
168,345.28,sell,0.01,2015-01-08T02:23:20.568711Z
169,310.41,buy,0.01,2015-01-08T02:23:46.37152Z
170,326.37,buy,0.01,2015-01-08T02:23:58.337085Z
171,284.05,buy,0.01,2015-01-08T02:24:15.053239Z
172,329.88,buy,0.01,2015-01-08T02:24:48.070832Z
173,288.77,sell,0.01,2015-01-08T02:25:24.006661Z
174,273.01,buy,0.01,2015-01-08T02:25:59.357464Z
175,331.62,sell,0.01,2015-01-08T02:26:39.73508Z
176,301.81,buy,0.01,2015-01-08T02:27:05.978742Z
177,300.24,sell,0.01,2015-01-08T02:27:11.639558Z
178,285.21,sell,0.01,2015-01-08T02:27:40.451708Z
179,277.89,sell,0.01,2015-01-08T02:28:03.87Z
180,346.02,buy,0.01,2015-01-08T02:28:34.888561Z
181,306.39,buy,0.01,2015-01-08T02:28:58.190432Z
182,282.13,buy,0.01,2015-01-08T02:29:30.824374Z
183,346.71,buy,0.01,2015-01-08T02:30:10.600415Z
184,316.85,buy,0.01,2015-01-08T02:30:21.712248Z
185,283.53,buy,0.01,2015-01-08T02:30:53.135672Z
186,285.62,buy,0.01,2015-01-08T02:31:12.88756Z
187,291.03,sell,0.01,2015-01-08T02:31:28.272415Z
188,333.07,buy,0.01,2015-01-08T02:31:36.34472Z
189,314.24,sell,0.01,2015-01-08T02:32:12.643296Z
190,322.66,sell,0.01,2015-01-08T02:32:20.432914Z
191,304.91,buy,0.01,2015-01-08T02:32:39.481Z
192,309.11,sell,0.01,2015-01-08T02:33:16.836966Z
193,273.7,sell,0.01,2015-01-08T02:33:38.483497Z
194,325.87,buy,0.01,2015-01-08T02:33:48.307955Z
195,331.67,buy,0.01,2015-01-08T02:34:27.458821Z
196,324.71,buy,0.01,2015-01-08T02:34:58.25039Z
197,323.19,buy,0.01,2015-01-08T02:35:26.77399Z
198,341.49,sell,0.01,2015-01-08T02:36:06.266272Z
199,269.06,buy,0.01,2015-01-08T02:36:21.286405Z
200,321.54,buy,0.01,2015-01-08T02:37:00.842736Z
201,273.29,buy,0.01,2015-01-08T02:37:21.128529Z
202,315.09,sell,0.01,2015-01-08T02:37:32.691148Z
203,280.25,sell,0.01,2015-01-08T02:38:12.457201Z
204,284.57,sell,0.01,2015-01-08T02:38:32.379677Z
205,279.08,sell,0.01,2015-01-08T02:38:49.376176Z
206,325.59,buy,0.01,2015-01-08T02:39:17.262555Z
207,316.44,buy,0.01,2015-01-08T02:39:23.36154Z
208,296.35,buy,0.01,2015-01-08T02:40:00.787229Z
209,317.23,buy,0.01,2015-01-08T02:40:12.523576Z
210,272.87,buy,0.01,2015-01-08T02:40:47.415016Z
211,326.34,sell,0.01,2015-01-08T02:41:18.40761Z
212,348.43,sell,0.01,2015-01-08T02:41:56.802677Z
213,291.96,sell,0.01,2015-01-08T02:42:27.654153Z
214,305.78,buy,0.01,2015-01-08T02:42:52.576578Z
215,346.2,buy,0.01,2015-01-08T02:43:00.856576Z
216,306.42,buy,0.01,2015-01-08T02:43:12.009329Z
217,308.63,buy,0.01,2015-01-08T02:43:17.591315Z
218,330.98,buy,0.01,2015-01-08T02:43:43.595052Z
219,320.94,sell,0.01,2015-01-08T02:44:20.552199Z
220,301.01,buy,0.01,2015-01-08T02:44:47.53211Z
221,328.21,buy,0.01,2015-01-08T02:45:15.913765Z
222,294.47,buy,0.01,2015-01-08T02:45:52.016386Z
223,297.48,sell,0.01,2015-01-08T02:46:14.416441Z
224,311.56,sell,0.01,2015-01-08T02:46:35.344008Z
225,275.67,sell,0.01,2015-01-08T02:46:57.276154Z
226,273.7,buy,0.01,2015-01-08T02:47:03.570147Z
227,302.61,buy,0.01,2015-01-08T02:47:27.702528Z
228,344.06,sell,0.01,2015-01-08T02:47:50.382044Z
229,323.76,sell,0.01,2015-01-08T02:47:58.630346Z
230,342.13,sell,0.01,2015-01-08T02:48:26.913301Z
231,322.25,buy,0.01,2015-01-08T02:48:42.568936Z
232,271.28,buy,0.01,2015-01-08T02:48:55.402005Z
233,271.24,buy,0.01,2015-01-08T02:49:11.058684Z
234,291.83,buy,0.01,2015-01-08T02:49:20.722933Z
235,316.3,buy,0.01,2015-01-08T02:49:45.471922Z
236,326.6,sell,0.01,2015-01-08T02:50:30.299467Z
237,296.44,sell,0.01,2015-01-08T02:51:13.850509Z
238,326.9,sell,0.01,2015-01-08T02:51:24.793945Z
239,292.0,buy,0.01,2015-01-08T02:51:50.40787Z
240,297.31,sell,0.01,2015-01-08T02:52:34.814355Z
241,284.81,buy,0.01,2015-01-08T02:53:01.508772Z
242,299.03,sell,0.01,2015-01-08T02:53:42.580534Z
243,303.81,sell,0.01,2015-01-08T02:53:48.896156Z
244,340.58,sell,0.01,2015-01-08T02:54:27.932602Z
245,328.24,buy,0.01,2015-01-08T02:54:40.410372Z
246,344.76,sell,0.01,2015-01-08T02:54:56.198916Z
247,320.0,buy,0.01,2015-01-08T02:55:03.254116Z
248,281.57,sell,0.01,2015-01-08T02:55:20.792551Z
249,314.94,sell,0.01,2015-01-08T02:55:51.162393Z
250,306.93,buy,0.01,2015-01-08T02:55:56.891285Z
251,326.94,sell,0.01,2015-01-08T02:56:20.682475Z
252,300.51,sell,0.01,2015-01-08T02:56:48.76145Z
253,285.74,sell,0.01,2015-01-08T02:57:28.382345Z
254,298.45,buy,0.01,2015-01-08T02:58:12.091598Z
255,273.55,buy,0.01,2015-01-08T02:58:56.559324Z
256,271.84,sell,0.01,2015-01-08T02:59:34.942469Z
257,284.11,sell,0.01,2015-01-08T03:00:11.878797Z
258,274.73,sell,0.01,2015-01-08T03:00:47.327043Z
259,281.69,buy,0.01,2015-01-08T03:01:11.379342Z
260,283.63,sell,0.01,2015-01-08T03:01:27.611926Z
261,298.43,buy,0.01,2015-01-08T03:02:09.878574Z
262,271.17,buy,0.01,2015-01-08T03:02:34.934668Z
263,298.52,sell,0.01,2015-01-08T03:03:20.400721Z
264,271.04,sell,0.01,2015-01-08T03:03:40.740833Z
265,300.0,sell,0.05,2015-01-08T03:04:02.733769Z
266,310.0,sell,0.05,2015-01-08T03:04:02.734221Z
267,320.0,sell,0.01,2015-01-08T03:04:02.734585Z
268,268.26,sell,0.01,2015-01-08T03:04:25.320409Z
269,305.35,buy,0.01,2015-01-08T03:04:50.682054Z
270,297.19,buy,0.01,2015-01-08T03:04:56.687918Z
271,284.96,sell,0.01,2015-01-08T03:05:41.274621Z
272,285.87,buy,0.01,2015-01-08T03:06:02.024493Z
273,268.79,buy,0.01,2015-01-08T03:06:08.294762Z
274,294.98,sell,0.01,2015-01-08T03:06:42.66569Z
275,274.27,sell,0.01,2015-01-08T03:06:57.43736Z
276,310.91,buy,0.01,2015-01-08T03:07:40.391801Z
277,303.01,buy,0.01,2015-01-08T03:07:53.248334Z
278,305.52,buy,0.01,2015-01-08T03:08:00.750195Z
279,298.18,buy,0.01,2015-01-08T03:08:43.626489Z
280,297.65,buy,0.01,2015-01-08T03:09:13.48894Z
281,303.03,buy,0.01,2015-01-08T03:09:37.110069Z
282,287.79,sell,0.01,2015-01-08T03:10:12.944745Z
283,308.6,buy,0.01,2015-01-08T03:10:48.088582Z
284,307.03,buy,0.01,2015-01-08T03:10:56.784626Z
285,293.75,sell,0.01,2015-01-08T03:11:06.223679Z
286,286.13,sell,0.01,2015-01-08T03:11:45.492439Z
287,294.38,buy,0.01,2015-01-08T03:12:03.439257Z
288,311.96,sell,0.01,2015-01-08T03:12:24.564508Z
289,298.3,sell,0.01,2015-01-08T03:12:51.750819Z
290,309.04,sell,0.01,2015-01-08T03:13:23.568038Z
291,305.11,buy,0.01,2015-01-08T03:13:55.05739Z
292,284.43,sell,0.01,2015-01-08T03:14:04.573449Z
293,285.72,sell,0.01,2015-01-08T03:14:43.402914Z
294,298.43,sell,0.01,2015-01-08T03:15:26.362395Z
295,307.72,sell,0.01,2015-01-08T03:16:06.03871Z
296,314.74,sell,0.01,2015-01-08T03:16:22.004925Z
297,309.05,buy,0.01,2015-01-08T03:16:48.157554Z
298,293.73,buy,0.01,2015-01-08T03:17:11.440763Z
299,289.38,sell,0.01,2015-01-08T03:17:51.950485Z
300,298.81,buy,0.01,2015-01-08T03:18:30.473694Z
301,306.23,sell,0.01,2015-01-08T03:19:05.621944Z
302,284.98,sell,0.01,2015-01-08T03:19:28.987184Z
303,311.31,sell,0.01,2015-01-08T03:19:58.027851Z
304,295.11,sell,0.01,2015-01-08T03:20:37.553747Z
305,307.89,sell,0.01,2015-01-08T03:20:58.611529Z
306,305.77,sell,0.01,2015-01-08T03:21:32.343589Z
307,301.08,buy,0.01,2015-01-08T03:21:56.278022Z
308,285.31,sell,0.01,2015-01-08T03:22:31.908305Z
309,298.72,buy,0.01,2015-01-08T03:22:47.927436Z
310,305.62,buy,0.01,2015-01-08T03:23:18.127759Z
311,289.17,sell,0.01,2015-01-08T03:23:30.718428Z
312,310.48,buy,0.01,2015-01-08T03:24:11.806724Z
313,296.36,sell,0.01,2015-01-08T03:24:57.032951Z
314,286.57,buy,0.01,2015-01-08T03:25:21.725014Z
315,286.15,sell,0.01,2015-01-08T03:26:04.661233Z
316,286.56,sell,0.01,2015-01-08T03:26:42.686431Z
317,311.61,sell,0.01,2015-01-08T03:27:07.571623Z
318,298.43,buy,0.01,2015-01-08T03:27:31.243412Z
319,306.33,sell,0.01,2015-01-08T03:27:48.254179Z
320,311.82,sell,0.01,2015-01-08T03:28:15.866523Z
321,290.65,sell,0.01,2015-01-08T03:28:47.211927Z
322,312.73,buy,0.01,2015-01-08T03:29:25.091888Z
323,289.65,buy,0.01,2015-01-08T03:29:41.273297Z
324,313.17,buy,0.01,2015-01-08T03:30:10.592051Z
325,310.17,buy,0.01,2015-01-08T03:30:16.318277Z
326,289.41,buy,0.01,2015-01-08T03:30:38.540444Z
327,287.19,sell,0.01,2015-01-08T03:30:46.911427Z
328,298.6,buy,0.01,2015-01-08T03:30:58.337282Z
329,311.54,sell,0.01,2015-01-08T03:31:13.307332Z
330,297.66,buy,0.01,2015-01-08T03:31:32.219509Z
331,288.19,sell,0.01,2015-01-08T03:31:51.229617Z
332,310.86,buy,0.01,2015-01-08T03:32:23.006452Z
333,308.7,sell,0.01,2015-01-08T03:32:46.550761Z
334,299.67,sell,0.01,2015-01-08T03:33:03.018241Z
335,287.75,sell,0.01,2015-01-08T03:33:44.344187Z
336,309.83,sell,0.01,2015-01-08T03:34:19.849254Z
337,312.18,buy,0.01,2015-01-08T03:34:53.505324Z
338,284.61,sell,0.01,2015-01-08T03:35:08.176252Z
339,304.44,sell,0.01,2015-01-08T03:35:49.479697Z
340,292.73,sell,0.01,2015-01-08T03:36:08.230335Z
341,289.28,sell,0.01,2015-01-08T03:36:48.87435Z
342,286.48,sell,0.01,2015-01-08T03:37:06.518492Z
343,309.03,sell,0.01,2015-01-08T03:37:49.453693Z
344,291.27,sell,0.01,2015-01-08T03:38:12.608553Z
345,291.9,sell,0.01,2015-01-08T03:38:18.362728Z
346,308.98,sell,0.01,2015-01-08T03:38:54.95339Z
347,283.92,buy,0.01,2015-01-08T03:39:39.349252Z
348,294.03,buy,0.01,2015-01-08T03:40:20.692437Z
349,294.2,buy,0.01,2015-01-08T03:40:51.85458Z
350,286.83,sell,0.01,2015-01-08T03:41:35.478521Z
351,286.81,buy,0.01,2015-01-08T03:41:59.98334Z
352,300.19,buy,0.01,2015-01-08T03:42:38.329651Z
353,308.06,buy,0.01,2015-01-08T03:43:02.935606Z
354,297.53,buy,0.01,2015-01-08T03:43:28.245473Z
355,286.62,buy,0.01,2015-01-08T03:43:46.358133Z
356,309.63,buy,0.01,2015-01-08T03:43:52.099747Z
357,307.63,buy,0.01,2015-01-08T03:44:24.610625Z
358,300.09,buy,0.01,2015-01-08T03:44:51.961031Z
359,289.65,buy,0.01,2015-01-08T03:45:11.744148Z
360,286.36,sell,0.01,2015-01-08T03:45:34.871531Z
361,290.78,buy,0.01,2015-01-08T03:46:11.582479Z
362,293.67,sell,0.01,2015-01-08T03:46:27.385806Z
363,314.32,sell,0.01,2015-01-08T03:47:08.0633Z
364,285.78,buy,0.01,2015-01-08T03:47:34.873776Z
365,283.89,sell,0.01,2015-01-08T03:48:09.785472Z
366,305.8,sell,0.01,2015-01-08T03:48:43.459904Z
367,295.43,buy,0.01,2015-01-08T03:49:21.453548Z
368,305.49,buy,0.01,2015-01-08T03:49:41.523204Z
369,283.99,buy,0.01,2015-01-08T03:50:15.494775Z
370,306.89,buy,0.01,2015-01-08T03:50:33.091045Z
371,310.81,sell,0.01,2015-01-08T03:50:57.308921Z
372,284.86,sell,0.01,2015-01-08T03:51:36.722635Z
373,289.28,sell,0.01,2015-01-08T03:52:06.464802Z
374,290.7,sell,0.01,2015-01-08T03:52:47.180212Z
375,311.26,sell,0.01,2015-01-08T03:53:26.033491Z
376,305.25,buy,0.01,2015-01-08T03:53:42.320051Z
377,312.82,buy,0.01,2015-01-08T03:54:00.010884Z
378,303.32,sell,0.01,2015-01-08T03:54:38.040937Z
379,296.74,sell,0.01,2015-01-08T03:54:54.430156Z
380,295.91,sell,0.01,2015-01-08T03:55:12.848471Z
381,303.46,sell,0.01,2015-01-08T03:55:39.533282Z
382,301.6,sell,0.01,2015-01-08T03:56:05.131955Z
383,295.76,sell,0.01,2015-01-08T03:56:28.555329Z
384,289.48,buy,0.01,2015-01-08T03:57:05.146994Z
385,290.28,sell,0.01,2015-01-08T03:57:19.032384Z
386,289.7,buy,0.01,2015-01-08T03:57:25.428748Z
387,293.58,buy,0.01,2015-01-08T03:57:51.400057Z
388,311.26,sell,0.01,2015-01-08T03:58:31.448149Z
389,300.18,sell,0.01,2015-01-08T03:58:47.349824Z
390,311.19,sell,0.01,2015-01-08T03:58:56.35135Z
391,285.63,sell,0.01,2015-01-08T03:59:02.160677Z
392,287.75,buy,0.01,2015-01-08T03:59:14.369464Z
393,294.01,buy,0.01,2015-01-08T03:59:23.053083Z
394,285.88,sell,0.01,2015-01-08T03:59:49.688057Z
395,288.06,buy,0.01,2015-01-08T04:00:03.511585Z
396,309.58,buy,0.01,2015-01-08T04:00:34.136966Z
397,284.42,buy,0.01,2015-01-08T04:00:52.757479Z
398,293.19,sell,0.01,2015-01-08T04:01:36.633586Z
399,304.46,buy,0.01,2015-01-08T04:02:20.55263Z
400,290.14,buy,0.01,2015-01-08T04:03:03.040593Z
401,314.85,buy,0.01,2015-01-08T04:03:40.051443Z
402,307.94,sell,0.01,2015-01-08T04:04:06.115121Z
403,309.05,buy,0.01,2015-01-08T04:04:24.778677Z
404,309.89,buy,0.01,2015-01-08T04:05:03.845762Z
405,307.68,buy,0.01,2015-01-08T04:05:30.162378Z
406,307.54,buy,0.01,2015-01-08T04:05:53.739359Z
407,294.86,sell,0.01,2015-01-08T04:06:34.573795Z
408,283.53,sell,0.01,2015-01-08T04:07:09.412069Z
409,305.61,buy,0.01,2015-01-08T04:07:23.486668Z
410,290.81,buy,0.01,2015-01-08T04:08:07.943638Z
411,299.04,sell,0.01,2015-01-08T04:08:44.665216Z
412,283.7,buy,0.01,2015-01-08T04:09:09.964899Z
413,285.32,sell,0.01,2015-01-08T04:09:45.831564Z
414,290.16,sell,0.01,2015-01-08T04:10:17.409164Z
415,288.55,sell,0.01,2015-01-08T04:10:36.222513Z
416,291.29,sell,0.01,2015-01-08T04:11:14.474134Z
417,284.25,sell,0.01,2015-01-08T04:11:58.829329Z
418,294.17,buy,0.01,2015-01-08T04:12:08.637521Z
419,272.78,sell,0.01,2015-01-08T04:12:34.314753Z
420,264.81,buy,0.01,2015-01-08T04:13:13.572906Z
421,270.71,sell,0.01,2015-01-08T04:13:28.393179Z
422,288.69,buy,0.01,2015-01-08T04:13:41.288621Z
423,289.22,sell,0.01,2015-01-08T04:14:24.031245Z
424,299.31,sell,0.01,2015-01-08T04:14:44.717555Z
425,291.48,buy,0.01,2015-01-08T04:15:26.082502Z
426,283.06,sell,0.01,2015-01-08T04:16:01.407784Z
427,293.97,sell,0.01,2015-01-08T04:16:44.6548Z
428,290.78,buy,0.01,2015-01-08T04:17:26.327993Z
429,294.0,buy,0.01,2015-01-08T04:17:57.94699Z
430,296.74,buy,0.01,2015-01-08T04:18:15.317558Z
431,299.43,sell,0.01,2015-01-08T04:18:46.572736Z
432,290.43,buy,0.01,2015-01-08T04:19:01.596158Z
433,282.64,sell,0.01,2015-01-08T04:19:41.953534Z
434,287.92,sell,0.01,2015-01-08T04:20:23.596078Z
435,290.52,sell,0.01,2015-01-08T04:20:42.508476Z
436,286.34,buy,0.01,2015-01-08T04:21:15.95486Z
437,289.54,buy,0.01,2015-01-08T04:21:22.580842Z
438,296.61,buy,0.01,2015-01-08T04:21:52.649259Z
439,296.13,sell,0.01,2015-01-08T04:22:24.721305Z
440,288.99,sell,0.01,2015-01-08T04:22:54.199428Z
441,283.52,buy,0.01,2015-01-08T04:23:26.738154Z
442,297.8,buy,0.01,2015-01-08T04:23:56.607342Z
443,299.07,buy,0.01,2015-01-08T04:24:33.477087Z
444,291.08,buy,0.01,2015-01-08T04:24:40.080523Z
445,288.2,buy,0.01,2015-01-08T04:25:23.47619Z
446,287.52,buy,0.01,2015-01-08T04:25:52.359291Z
447,297.2,sell,0.01,2015-01-08T04:26:15.933875Z
448,293.54,sell,0.01,2015-01-08T04:26:27.51249Z
449,291.45,buy,0.01,2015-01-08T04:26:40.009989Z
450,299.91,buy,0.01,2015-01-08T04:27:17.35938Z
451,295.14,sell,0.01,2015-01-08T04:27:22.854503Z
452,297.32,sell,0.01,2015-01-08T04:27:38.963928Z
453,289.2,buy,0.01,2015-01-08T04:28:13.123637Z
454,299.73,sell,0.01,2015-01-08T04:28:43.05604Z
455,295.06,buy,0.01,2015-01-08T04:29:21.949423Z
456,292.52,buy,0.01,2015-01-08T04:29:33.24333Z
457,283.24,sell,0.01,2015-01-08T04:29:54.004921Z
458,295.45,buy,0.01,2015-01-08T04:30:01.645953Z
459,296.75,sell,0.01,2015-01-08T04:30:32.230244Z
460,292.88,sell,0.01,2015-01-08T04:30:42.838461Z
461,287.46,sell,0.01,2015-01-08T04:31:17.892896Z
462,298.72,buy,0.01,2015-01-08T04:31:50.569618Z
463,284.15,buy,0.01,2015-01-08T04:32:09.179252Z
464,293.39,sell,0.01,2015-01-08T04:32:34.358389Z
465,287.67,sell,0.01,2015-01-08T04:33:04.136808Z
466,287.54,sell,0.01,2015-01-08T04:33:24.337406Z
467,283.67,buy,0.01,2015-01-08T04:33:54.686008Z
468,291.82,buy,0.01,2015-01-08T04:34:12.208607Z
469,297.28,buy,0.01,2015-01-08T04:34:50.61614Z
470,299.38,sell,0.01,2015-01-08T04:35:35.489653Z
471,288.41,sell,0.01,2015-01-08T04:36:03.069296Z
472,283.17,sell,0.01,2015-01-08T04:36:47.492675Z
473,293.54,sell,0.01,2015-01-08T04:37:11.77137Z
474,293.63,sell,0.01,2015-01-08T04:37:40.236624Z
475,285.93,buy,0.01,2015-01-08T04:37:59.984475Z
476,292.7,buy,0.01,2015-01-08T04:38:15.279249Z
477,282.47,buy,0.01,2015-01-08T04:38:57.006062Z
478,298.62,buy,0.01,2015-01-08T04:39:07.14517Z
479,295.99,sell,0.01,2015-01-08T04:39:32.355501Z
480,299.38,sell,0.01,2015-01-08T04:40:16.994412Z
481,295.01,buy,0.01,2015-01-08T04:40:28.639357Z
482,290.61,sell,0.01,2015-01-08T04:40:37.402611Z
483,298.0,sell,0.01,2015-01-08T04:41:09.647114Z
484,299.16,buy,0.01,2015-01-08T04:41:42.374038Z
485,291.66,sell,0.01,2015-01-08T04:41:57.19035Z
486,288.32,sell,0.01,2015-01-08T04:42:35.189115Z
487,291.04,sell,0.01,2015-01-08T04:43:12.549117Z
488,297.68,sell,0.01,2015-01-08T04:43:53.001236Z
489,290.08,sell,0.01,2015-01-08T04:44:12.440044Z
490,298.49,sell,0.01,2015-01-08T04:44:43.70447Z
491,288.31,buy,0.01,2015-01-08T04:45:17.235295Z
492,299.39,sell,0.01,2015-01-08T04:45:42.480549Z
493,294.02,sell,0.01,2015-01-08T04:46:12.504088Z
494,295.17,sell,0.01,2015-01-08T04:46:40.774872Z
495,299.61,buy,0.01,2015-01-08T04:46:53.780947Z
496,293.41,buy,0.01,2015-01-08T04:47:27.155813Z
497,288.65,buy,0.01,2015-01-08T04:47:36.223385Z
498,289.43,buy,0.01,2015-01-08T04:47:58.843165Z
499,293.08,buy,0.01,2015-01-08T04:48:15.599847Z
500,284.27,buy,0.01,2015-01-08T04:48:29.303215Z
501,295.59,sell,0.01,2015-01-08T04:48:45.445725Z
502,296.08,buy,0.01,2015-01-08T04:49:29.153194Z
503,272.66,buy,0.01,2015-01-08T04:50:04.897926Z
504,309.36,buy,0.01,2015-01-08T04:50:41.077501Z
505,281.56,sell,0.01,2015-01-08T04:51:15.545612Z
506,269.0,buy,0.01,2015-01-08T04:51:54.261881Z
507,305.22,sell,0.01,2015-01-08T04:52:28.124413Z
508,276.66,sell,0.01,2015-01-08T04:53:01.995957Z
509,297.2,sell,0.01,2015-01-08T04:53:25.456016Z
510,300.74,sell,0.01,2015-01-08T04:53:59.343006Z
511,267.96,sell,0.01,2015-01-08T04:54:18.296385Z
512,288.63,buy,0.01,2015-01-08T04:54:54.912675Z
513,294.87,buy,0.01,2015-01-08T04:55:38.444Z
514,272.74,sell,0.01,2015-01-08T04:56:00.558018Z
515,314.53,buy,0.01,2015-01-08T04:56:10.684211Z
516,305.89,sell,0.01,2015-01-08T04:56:48.971279Z
517,265.68,sell,0.01,2015-01-08T04:56:55.405799Z
518,278.4,buy,0.01,2015-01-08T04:57:29.693711Z
519,272.2,buy,0.01,2015-01-08T04:58:14.382905Z
520,298.14,sell,0.01,2015-01-08T04:58:55.19062Z
521,307.57,buy,0.01,2015-01-08T04:59:21.914804Z
522,314.96,sell,0.01,2015-01-08T05:00:05.703766Z
523,268.98,sell,0.01,2015-01-08T05:00:33.598582Z
524,279.4,sell,0.01,2015-01-08T05:00:42.011452Z
525,314.04,buy,0.01,2015-01-08T05:01:05.467331Z
526,277.22,buy,0.01,2015-01-08T05:01:19.529644Z
527,278.06,buy,0.01,2015-01-08T05:01:49.177745Z
528,276.12,sell,0.01,2015-01-08T05:02:27.806341Z
529,292.81,buy,0.01,2015-01-08T05:02:40.907942Z
530,309.19,buy,0.01,2015-01-08T05:03:06.38345Z
531,282.87,sell,0.01,2015-01-08T05:03:30.419429Z
532,284.43,buy,0.01,2015-01-08T05:04:06.558852Z
533,294.51,buy,0.01,2015-01-08T05:04:42.869222Z
534,285.15,sell,0.01,2015-01-08T05:05:23.88722Z
535,300.91,buy,0.01,2015-01-08T05:05:33.262855Z
536,272.97,buy,0.01,2015-01-08T05:05:46.770255Z
537,284.39,buy,0.01,2015-01-08T05:06:26.030268Z
538,311.8,buy,0.01,2015-01-08T05:06:40.492307Z
539,267.34,sell,0.01,2015-01-08T05:07:23.435335Z
540,290.95,sell,0.01,2015-01-08T05:08:04.906894Z
541,274.9,sell,0.01,2015-01-08T05:08:34.39829Z
542,314.09,buy,0.01,2015-01-08T05:08:59.478129Z
543,291.48,buy,0.01,2015-01-08T05:09:17.252876Z
544,305.75,sell,0.01,2015-01-08T05:09:50.513652Z
545,285.33,sell,0.01,2015-01-08T05:10:31.279801Z
546,295.15,sell,0.01,2015-01-08T05:10:54.164088Z
547,278.28,sell,0.01,2015-01-08T05:11:31.859802Z
548,274.28,buy,0.01,2015-01-08T05:11:39.645063Z
549,268.93,sell,0.01,2015-01-08T05:11:59.482005Z
550,312.13,sell,0.01,2015-01-08T05:12:33.814497Z
551,270.0,sell,0.01,2015-01-08T05:13:04.421913Z
552,307.15,buy,0.01,2015-01-08T05:13:41.306067Z
553,293.71,sell,0.01,2015-01-08T05:14:04.280213Z
554,285.97,buy,0.01,2015-01-08T05:14:35.648294Z
555,272.89,buy,0.01,2015-01-08T05:15:13.847806Z
556,265.64,buy,0.01,2015-01-08T05:15:21.521147Z
557,296.8,buy,0.01,2015-01-08T05:15:41.877001Z
558,312.25,sell,0.01,2015-01-08T05:15:53.108443Z
559,290.04,sell,0.01,2015-01-08T05:16:11.287925Z
560,271.5,sell,0.01,2015-01-08T05:16:49.140581Z
561,267.69,sell,0.01,2015-01-08T05:16:55.074745Z
562,311.39,buy,0.01,2015-01-08T05:17:12.74393Z
563,268.92,sell,0.01,2015-01-08T05:17:49.620643Z
564,286.8,sell,0.01,2015-01-08T05:18:33.418549Z
565,270.62,sell,0.01,2015-01-08T05:19:02.241602Z
566,272.66,buy,0.01,2015-01-08T05:19:34.213747Z
567,270.7,sell,0.01,2015-01-08T05:19:46.302189Z
568,299.49,sell,0.01,2015-01-08T05:20:27.302569Z
569,281.19,buy,0.01,2015-01-08T05:20:39.645635Z
570,272.54,sell,0.01,2015-01-08T05:20:47.342278Z
571,313.21,sell,0.01,2015-01-08T05:21:04.338509Z
572,293.14,sell,0.01,2015-01-08T05:21:26.334437Z
573,270.72,sell,0.01,2015-01-08T05:21:38.466367Z
574,290.87,sell,0.01,2015-01-08T05:21:56.470912Z
575,295.48,sell,0.01,2015-01-08T05:22:15.584579Z
576,270.34,buy,0.01,2015-01-08T05:22:34.603926Z
577,304.49,buy,0.01,2015-01-08T05:22:44.791767Z
578,277.54,buy,0.01,2015-01-08T05:23:29.355211Z
579,276.96,sell,0.01,2015-01-08T05:24:09.070752Z
580,265.58,buy,0.01,2015-01-08T05:24:35.958914Z
581,289.87,buy,0.01,2015-01-08T05:25:02.89569Z
582,279.78,buy,0.01,2015-01-08T05:25:21.203309Z
583,290.33,sell,0.01,2015-01-08T05:25:53.32313Z
584,280.38,buy,0.01,2015-01-08T05:26:28.574239Z
585,273.99,sell,0.01,2015-01-08T05:27:10.175141Z
586,287.43,sell,0.01,2015-01-08T05:27:44.195115Z
587,279.5,sell,0.01,2015-01-08T05:28:15.488837Z
588,269.1,buy,0.01,2015-01-08T05:28:45.204721Z
589,295.54,sell,0.01,2015-01-08T05:28:55.634218Z
590,303.67,buy,0.01,2015-01-08T05:29:05.409686Z
591,308.13,sell,0.01,2015-01-08T05:29:21.95866Z
592,290.1,sell,0.01,2015-01-08T05:30:06.179845Z
593,273.24,buy,0.01,2015-01-08T05:30:27.39939Z
594,279.42,buy,0.01,2015-01-08T05:31:00.240986Z
595,266.82,buy,0.01,2015-01-08T05:31:07.361093Z
596,311.19,buy,0.01,2015-01-08T05:31:42.138899Z
597,290.2,buy,0.01,2015-01-08T05:32:26.56162Z
598,294.68,sell,0.01,2015-01-08T05:32:39.681627Z
599,301.4,buy,0.01,2015-01-08T05:33:13.470215Z
600,306.51,sell,0.01,2015-01-08T05:33:40.58376Z
601,275.13,sell,0.01,2015-01-08T05:33:53.611707Z
602,288.47,buy,0.01,2015-01-08T05:34:09.295911Z
603,307.84,buy,0.01,2015-01-08T05:34:40.537136Z
604,286.82,sell,0.01,2015-01-08T05:35:11.10347Z
605,306.42,buy,0.01,2015-01-08T05:35:16.939122Z
606,265.51,sell,0.01,2015-01-08T05:35:56.838854Z
607,298.15,sell,0.01,2015-01-08T05:36:10.604365Z
608,312.09,sell,0.01,2015-01-08T05:36:37.506005Z
609,269.62,buy,0.01,2015-01-08T05:36:56.245352Z
610,309.79,sell,0.01,2015-01-08T05:37:25.148214Z
611,266.43,sell,0.01,2015-01-08T05:38:01.301031Z
612,301.62,buy,0.01,2015-01-08T05:38:22.371792Z
613,271.74,buy,0.01,2015-01-08T05:38:50.166643Z
614,290.29,sell,0.01,2015-01-08T05:39:19.472232Z
615,286.6,buy,0.01,2015-01-08T05:40:01.135933Z
616,271.26,sell,0.01,2015-01-08T05:40:41.298744Z
617,305.95,buy,0.01,2015-01-08T05:41:00.993315Z
618,296.15,buy,0.01,2015-01-08T05:41:34.471602Z
619,302.1,sell,0.01,2015-01-08T05:41:42.567317Z
620,288.11,buy,0.01,2015-01-08T05:41:57.970866Z
621,292.5,sell,0.01,2015-01-08T05:42:03.854604Z
622,283.98,sell,0.01,2015-01-08T05:42:48.385388Z
623,297.92,buy,0.01,2015-01-08T05:43:24.919001Z
624,281.51,buy,0.01,2015-01-08T05:43:42.986093Z
625,296.6,sell,0.01,2015-01-08T05:44:06.578071Z
626,267.3,sell,0.01,2015-01-08T05:44:23.837403Z
627,292.52,buy,0.01,2015-01-08T05:44:33.124383Z
628,285.76,buy,0.01,2015-01-08T05:45:06.436278Z
629,290.14,sell,0.01,2015-01-08T05:45:42.388904Z
630,290.71,buy,0.01,2015-01-08T05:46:18.300334Z
631,282.85,sell,0.01,2015-01-08T05:46:37.806824Z
632,277.27,sell,0.01,2015-01-08T05:47:14.440043Z
633,297.13,buy,0.01,2015-01-08T05:47:22.708402Z
634,272.02,buy,0.01,2015-01-08T05:47:55.017489Z
635,294.07,buy,0.01,2015-01-08T05:48:13.974565Z
636,308.74,sell,0.01,2015-01-08T05:48:23.231124Z
637,267.17,sell,0.01,2015-01-08T05:49:00.572653Z
638,267.78,sell,0.01,2015-01-08T05:49:18.297016Z
639,292.64,buy,0.01,2015-01-08T05:49:27.390575Z
640,294.47,buy,0.01,2015-01-08T05:50:10.423513Z
641,288.99,buy,0.01,2015-01-08T05:50:48.664203Z
642,314.62,buy,0.01,2015-01-08T05:51:08.98988Z
643,278.77,buy,0.01,2015-01-08T05:51:37.885563Z
644,314.25,buy,0.01,2015-01-08T05:52:08.598907Z
645,284.34,sell,0.01,2015-01-08T05:52:31.937789Z
646,307.38,buy,0.01,2015-01-08T05:52:57.802214Z
647,265.91,buy,0.01,2015-01-08T05:53:13.705815Z
648,284.04,buy,0.01,2015-01-08T05:53:39.680464Z
649,292.21,buy,0.01,2015-01-08T05:53:57.377845Z
650,289.58,buy,0.01,2015-01-08T05:54:36.84271Z
651,274.47,buy,0.01,2015-01-08T05:54:58.060819Z
652,302.75,buy,0.01,2015-01-08T05:55:24.553611Z
653,280.45,sell,0.01,2015-01-08T05:55:30.780493Z
654,278.24,buy,0.01,2015-01-08T05:55:50.370798Z
655,267.49,sell,0.01,2015-01-08T05:56:01.946113Z
656,295.12,buy,0.01,2015-01-08T05:56:47.219588Z
657,272.67,buy,0.01,2015-01-08T05:56:56.079885Z
658,297.64,sell,0.01,2015-01-08T05:57:10.528209Z
659,278.84,sell,0.01,2015-01-08T05:57:53.675718Z
660,304.19,sell,0.01,2015-01-08T05:58:00.408384Z
661,277.71,sell,0.01,2015-01-08T05:58:19.027447Z
662,308.05,buy,0.01,2015-01-08T05:58:56.47323Z
663,274.32,sell,0.01,2015-01-08T05:59:32.93545Z
664,285.17,buy,0.01,2015-01-08T05:59:46.813082Z
665,275.44,buy,0.01,2015-01-08T05:59:53.948666Z
666,297.08,sell,0.01,2015-01-08T06:00:04.448233Z
667,284.23,buy,0.01,2015-01-08T06:00:28.917666Z
668,271.04,buy,0.01,2015-01-08T06:01:08.360306Z
669,268.82,buy,0.01,2015-01-08T06:01:45.383932Z
670,285.45,buy,0.01,2015-01-08T06:02:25.975194Z
671,271.39,sell,0.01,2015-01-08T06:02:51.983511Z
672,287.38,buy,0.01,2015-01-08T06:03:18.360228Z
673,308.16,buy,0.01,2015-01-08T06:03:57.133118Z
674,302.03,buy,0.01,2015-01-08T06:04:06.647329Z
675,265.76,sell,0.01,2015-01-08T06:04:40.609748Z
676,273.58,buy,0.01,2015-01-08T06:05:12.92912Z
677,271.36,buy,0.01,2015-01-08T06:05:26.93684Z
678,278.01,buy,0.01,2015-01-08T06:05:36.920458Z
679,281.29,buy,0.01,2015-01-08T06:05:52.789612Z
680,294.31,buy,0.01,2015-01-08T06:06:29.982016Z
681,277.74,buy,0.01,2015-01-08T06:06:56.740735Z
682,287.82,buy,0.01,2015-01-08T06:07:02.708044Z
683,293.1,buy,0.01,2015-01-08T06:07:19.178681Z
684,304.79,sell,0.01,2015-01-08T06:07:34.23982Z
685,307.7,sell,0.01,2015-01-08T06:07:58.187872Z
686,310.19,buy,0.01,2015-01-08T06:08:16.86654Z
687,313.47,buy,0.01,2015-01-08T06:08:31.610483Z
688,306.73,sell,0.01,2015-01-08T06:09:01.550403Z
689,309.15,sell,0.01,2015-01-08T06:09:33.526665Z
690,281.91,sell,0.01,2015-01-08T06:09:57.698993Z
691,302.43,sell,0.01,2015-01-08T06:10:16.173316Z
692,302.26,buy,0.01,2015-01-08T06:10:35.349123Z
693,286.09,sell,0.01,2015-01-08T06:11:06.95438Z
694,286.08,buy,0.01,2015-01-08T06:11:48.232647Z
695,288.84,sell,0.01,2015-01-08T06:12:20.532161Z
696,301.06,buy,0.01,2015-01-08T06:12:38.544565Z
697,310.79,sell,0.01,2015-01-08T06:13:09.481199Z
698,290.48,buy,0.01,2015-01-08T06:13:48.06218Z
699,299.86,buy,0.01,2015-01-08T06:14:24.05443Z
700,295.62,sell,0.01,2015-01-08T06:14:53.310484Z
701,266.5,sell,0.01,2015-01-08T06:15:03.522367Z
702,282.22,buy,0.01,2015-01-08T06:15:10.476237Z
703,297.49,buy,0.01,2015-01-08T06:15:42.328868Z
704,285.75,sell,0.01,2015-01-08T06:16:07.757532Z
705,265.5,buy,0.01,2015-01-08T06:16:31.743162Z
706,289.43,sell,0.01,2015-01-08T06:17:16.480914Z
707,268.54,sell,0.01,2015-01-08T06:17:30.564178Z
708,305.36,sell,0.01,2015-01-08T06:17:40.648526Z
709,307.33,buy,0.01,2015-01-08T06:17:56.491676Z
710,265.52,sell,0.01,2015-01-08T06:18:25.161308Z
711,305.34,sell,0.01,2015-01-08T06:18:57.716571Z
712,287.65,sell,0.01,2015-01-08T06:19:28.550852Z
713,265.68,sell,0.01,2015-01-08T06:19:51.66235Z
714,290.19,buy,0.01,2015-01-08T06:20:32.485785Z
715,298.84,sell,0.01,2015-01-08T06:20:41.054643Z
716,280.59,buy,0.01,2015-01-08T06:21:03.700547Z
717,306.48,buy,0.01,2015-01-08T06:21:10.002532Z
718,267.41,buy,0.01,2015-01-08T06:21:33.983821Z
719,297.37,buy,0.01,2015-01-08T06:22:10.561822Z
720,298.37,buy,0.01,2015-01-08T06:22:48.779364Z
721,301.89,sell,0.01,2015-01-08T06:23:05.831745Z
722,281.0,buy,0.01,2015-01-08T06:23:20.709749Z
723,308.62,buy,0.01,2015-01-08T06:23:26.624357Z
724,285.86,buy,0.01,2015-01-08T06:23:52.592125Z
725,303.25,buy,0.01,2015-01-08T06:24:36.730068Z
726,294.66,sell,0.01,2015-01-08T06:24:58.715207Z
727,306.98,sell,0.01,2015-01-08T06:25:32.978717Z
728,296.07,sell,0.01,2015-01-08T06:26:15.055302Z
729,268.56,sell,0.01,2015-01-08T06:26:39.141016Z
730,295.14,sell,0.01,2015-01-08T06:27:18.669605Z
731,268.58,buy,0.01,2015-01-08T06:27:44.091082Z
732,290.55,buy,0.01,2015-01-08T06:28:19.184939Z
733,286.94,buy,0.01,2015-01-08T06:28:33.912364Z
734,266.88,sell,0.01,2015-01-08T06:29:10.835727Z
735,288.08,sell,0.01,2015-01-08T06:29:22.63437Z
736,270.13,buy,0.01,2015-01-08T06:29:35.379173Z
737,300.37,buy,0.01,2015-01-08T06:30:20.246395Z
738,276.25,sell,0.01,2015-01-08T06:30:58.011223Z
739,273.59,buy,0.01,2015-01-08T06:31:40.940648Z
740,290.35,sell,0.01,2015-01-08T06:31:57.527193Z
741,300.34,sell,0.01,2015-01-08T06:32:24.627965Z
742,311.59,sell,0.01,2015-01-08T06:33:00.025927Z
743,307.57,buy,0.01,2015-01-08T06:33:35.576461Z
744,281.17,buy,0.01,2015-01-08T06:34:14.120243Z
745,300.81,buy,0.01,2015-01-08T06:34:23.210055Z
746,314.26,buy,0.01,2015-01-08T06:35:02.140773Z
747,300.4,sell,0.01,2015-01-08T06:35:45.619228Z
748,293.7,buy,0.01,2015-01-08T06:36:30.588927Z
749,299.78,buy,0.01,2015-01-08T06:37:00.379651Z
750,308.65,sell,0.01,2015-01-08T06:37:15.505032Z
751,282.41,sell,0.01,2015-01-08T06:37:54.951792Z
752,306.19,buy,0.01,2015-01-08T06:38:22.981357Z
753,289.03,buy,0.01,2015-01-08T06:38:38.424944Z
754,296.91,buy,0.01,2015-01-08T06:39:22.173691Z
755,310.68,buy,0.01,2015-01-08T06:39:33.698726Z
756,308.01,buy,0.01,2015-01-08T06:40:05.359412Z
757,302.66,sell,0.01,2015-01-08T06:40:17.385429Z
758,285.99,sell,0.01,2015-01-08T06:40:59.104214Z
759,293.36,sell,0.01,2015-01-08T06:41:11.935319Z
760,302.04,buy,0.01,2015-01-08T06:41:52.476236Z
761,302.49,sell,0.01,2015-01-08T06:41:58.209532Z
762,274.08,buy,0.01,2015-01-08T06:42:38.386873Z
763,302.47,buy,0.01,2015-01-08T06:43:05.48565Z
764,267.37,buy,0.01,2015-01-08T06:43:35.932835Z
765,308.04,sell,0.01,2015-01-08T06:44:00.545796Z
766,271.03,buy,0.01,2015-01-08T06:44:34.540209Z
767,279.48,buy,0.01,2015-01-08T06:44:54.560001Z
768,277.5,sell,0.01,2015-01-08T06:45:23.820848Z
769,290.2,sell,0.01,2015-01-08T06:45:38.71033Z
770,293.82,sell,0.01,2015-01-08T06:45:53.219229Z
771,293.9,buy,0.01,2015-01-08T06:46:30.329672Z
772,310.31,buy,0.01,2015-01-08T06:46:38.46756Z
773,309.66,buy,0.01,2015-01-08T06:47:20.874813Z
774,294.31,sell,0.01,2015-01-08T06:47:47.768996Z
775,282.7,sell,0.01,2015-01-08T06:48:00.213827Z
776,275.82,sell,0.01,2015-01-08T06:48:29.157491Z
777,307.25,buy,0.01,2015-01-08T06:48:36.446677Z
778,299.98,sell,0.01,2015-01-08T06:48:57.929103Z
779,312.93,sell,0.01,2015-01-08T06:49:10.725544Z
780,285.52,buy,0.01,2015-01-08T06:49:20.3826Z
781,266.4,sell,0.01,2015-01-08T06:49:44.385112Z
782,307.48,sell,0.01,2015-01-08T06:50:16.955557Z
783,277.17,buy,0.01,2015-01-08T06:50:54.782482Z
784,278.17,buy,0.01,2015-01-08T06:51:35.29689Z
785,304.28,sell,0.01,2015-01-08T06:52:13.167885Z
786,289.85,sell,0.01,2015-01-08T06:52:22.395543Z
787,274.66,buy,0.01,2015-01-08T06:52:54.118194Z
788,305.93,buy,0.01,2015-01-08T06:53:28.916354Z
789,294.49,buy,0.01,2015-01-08T06:53:56.31482Z
790,295.0,sell,0.01,2015-01-08T06:54:16.400376Z
791,267.01,buy,0.01,2015-01-08T06:54:28.989568Z
792,307.53,buy,0.01,2015-01-08T06:55:12.7294Z
793,291.03,buy,0.01,2015-01-08T06:55:52.507001Z
794,265.99,buy,0.01,2015-01-08T06:56:00.875572Z
795,308.54,buy,0.01,2015-01-08T06:56:45.824182Z
796,286.28,buy,0.01,2015-01-08T06:57:24.374562Z
797,296.59,buy,0.01,2015-01-08T06:57:41.871363Z
798,308.86,sell,0.01,2015-01-08T06:57:50.451288Z
799,278.98,buy,0.01,2015-01-08T06:58:00.050493Z
800,269.48,sell,0.01,2015-01-08T06:58:28.170905Z
801,267.75,sell,0.01,2015-01-08T06:58:53.382668Z
802,292.48,sell,0.01,2015-01-08T06:59:01.083757Z
803,311.87,buy,0.01,2015-01-08T06:59:22.951513Z
804,314.91,sell,0.01,2015-01-08T06:59:37.104086Z
805,289.39,buy,0.01,2015-01-08T07:00:14.061501Z
806,306.49,buy,0.01,2015-01-08T07:00:25.451231Z
807,312.99,buy,0.01,2015-01-08T07:00:55.402374Z
808,300.58,sell,0.01,2015-01-08T07:01:05.592922Z
809,275.49,sell,0.01,2015-01-08T07:01:43.268187Z
810,310.21,buy,0.01,2015-01-08T07:02:25.430843Z
811,277.06,sell,0.01,2015-01-08T07:03:00.154384Z
812,311.51,buy,0.01,2015-01-08T07:03:18.563227Z
813,293.18,buy,0.01,2015-01-08T07:03:48.830947Z
814,270.18,buy,0.01,2015-01-08T07:04:21.543248Z
815,284.93,sell,0.01,2015-01-08T07:04:56.453216Z
816,267.18,sell,0.01,2015-01-08T07:05:10.211991Z
817,276.03,sell,0.01,2015-01-08T07:05:52.645343Z
818,280.17,buy,0.01,2015-01-08T07:06:34.907336Z
819,292.52,sell,0.01,2015-01-08T07:07:05.80592Z
820,290.29,sell,0.01,2015-01-08T07:07:43.097585Z
821,280.12,sell,0.01,2015-01-08T07:07:59.64524Z
822,296.29,sell,0.01,2015-01-08T07:08:16.981556Z
823,281.97,sell,0.01,2015-01-08T07:08:51.730529Z
824,293.64,sell,0.01,2015-01-08T07:09:10.392672Z
825,298.24,sell,0.01,2015-01-08T07:09:44.168126Z
826,283.69,buy,0.01,2015-01-08T07:10:10.715588Z
827,303.97,sell,0.01,2015-01-08T07:10:16.193298Z
828,299.51,buy,0.01,2015-01-08T07:10:32.077681Z
829,265.68,sell,0.01,2015-01-08T07:10:38.820234Z
830,305.97,sell,0.01,2015-01-08T07:11:11.061142Z
831,293.74,buy,0.01,2015-01-08T07:11:23.575944Z
832,269.4,buy,0.01,2015-01-08T07:11:37.804549Z
833,297.55,buy,0.01,2015-01-08T07:12:07.741127Z
834,306.77,sell,0.01,2015-01-08T07:12:26.344378Z
835,296.9,buy,0.01,2015-01-08T07:12:54.234908Z
836,266.83,buy,0.01,2015-01-08T07:13:34.708551Z
837,303.8,sell,0.01,2015-01-08T07:13:52.857368Z
838,296.69,sell,0.01,2015-01-08T07:14:20.601008Z
839,284.85,sell,0.01,2015-01-08T07:14:32.937667Z
840,290.01,sell,0.01,2015-01-08T07:15:11.656076Z
841,284.5,buy,0.01,2015-01-08T07:15:38.655413Z
842,269.37,sell,0.01,2015-01-08T07:16:13.093371Z
843,282.36,buy,0.01,2015-01-08T07:16:55.898581Z
844,280.6,sell,0.01,2015-01-08T07:17:12.799428Z
845,300.95,buy,0.01,2015-01-08T07:17:54.088378Z
846,284.35,sell,0.01,2015-01-08T07:18:12.910609Z
847,309.14,buy,0.01,2015-01-08T07:18:51.1212Z
848,277.41,sell,0.01,2015-01-08T07:19:36.489428Z
849,292.6,sell,0.01,2015-01-08T07:20:16.87133Z
850,311.26,sell,0.01,2015-01-08T07:20:45.355376Z
851,291.53,sell,0.01,2015-01-08T07:20:53.632022Z
852,267.33,sell,0.01,2015-01-08T07:21:02.64982Z
853,292.38,sell,0.01,2015-01-08T07:21:17.766697Z
854,269.47,buy,0.01,2015-01-08T07:21:53.463716Z
855,301.28,sell,0.01,2015-01-08T07:22:11.27241Z
856,313.03,sell,0.01,2015-01-08T07:22:34.570217Z
857,299.69,sell,0.01,2015-01-08T07:22:46.426609Z
858,270.87,sell,0.01,2015-01-08T07:23:04.145546Z
859,299.93,sell,0.01,2015-01-08T07:23:12.416671Z
860,273.23,buy,0.01,2015-01-08T07:23:28.810552Z
861,310.91,sell,0.01,2015-01-08T07:24:00.683705Z
862,290.53,buy,0.01,2015-01-08T07:24:18.155652Z
863,293.75,buy,0.01,2015-01-08T07:25:00.891233Z
864,295.7,buy,0.01,2015-01-08T07:25:31.088588Z
865,301.51,sell,0.01,2015-01-08T07:26:05.706607Z
866,285.62,buy,0.01,2015-01-08T07:26:16.077632Z
867,310.91,sell,0.01,2015-01-08T07:26:48.197865Z
868,290.63,sell,0.01,2015-01-08T07:27:29.400168Z
869,288.79,buy,0.01,2015-01-08T07:27:48.743727Z
870,297.44,buy,0.01,2015-01-08T07:28:27.514218Z
871,309.08,buy,0.01,2015-01-08T07:29:08.716044Z
872,314.11,sell,0.01,2015-01-08T07:29:25.311006Z
873,281.47,sell,0.01,2015-01-08T07:30:02.1019Z
874,268.34,sell,0.01,2015-01-08T07:30:23.005615Z
875,267.49,sell,0.01,2015-01-08T07:30:43.557796Z
876,294.94,buy,0.01,2015-01-08T07:31:08.222088Z
877,265.81,buy,0.01,2015-01-08T07:31:22.589422Z
878,289.01,sell,0.01,2015-01-08T07:31:50.477187Z
879,292.89,buy,0.01,2015-01-08T07:32:34.051443Z
880,267.6,sell,0.01,2015-01-08T07:32:40.562637Z
881,275.07,sell,0.01,2015-01-08T07:33:03.605218Z
882,266.44,sell,0.01,2015-01-08T07:33:48.542851Z
883,270.64,sell,0.01,2015-01-08T07:34:23.544168Z
884,272.43,buy,0.01,2015-01-08T07:35:00.523732Z
885,299.41,buy,0.01,2015-01-08T07:35:17.424789Z
886,297.61,sell,0.01,2015-01-08T07:35:35.75734Z
887,297.75,buy,0.01,2015-01-08T07:36:09.295906Z
888,271.58,buy,0.01,2015-01-08T07:36:27.502771Z
889,295.25,buy,0.01,2015-01-08T07:36:47.406372Z
890,286.78,sell,0.01,2015-01-08T07:36:53.275603Z
891,281.58,sell,0.01,2015-01-08T07:37:33.861918Z
892,273.55,buy,0.01,2015-01-08T07:37:59.310469Z
893,298.04,buy,0.01,2015-01-08T07:38:10.933295Z
894,272.24,buy,0.01,2015-01-08T07:38:45.272435Z
895,272.63,sell,0.01,2015-01-08T07:38:59.264114Z
896,271.45,buy,0.01,2015-01-08T07:39:11.491562Z
897,266.94,buy,0.01,2015-01-08T07:39:28.886198Z
898,267.64,buy,0.01,2015-01-08T07:39:41.564122Z
899,284.8,sell,0.01,2015-01-08T07:39:51.167419Z
900,283.46,sell,0.01,2015-01-08T07:40:11.488541Z
901,313.86,sell,0.01,2015-01-08T07:40:44.82723Z
902,307.4,buy,0.01,2015-01-08T07:41:11.281927Z
903,272.96,sell,0.01,2015-01-08T07:41:30.195688Z
904,304.06,sell,0.01,2015-01-08T07:41:59.64379Z
905,297.0,buy,0.01,2015-01-08T07:42:34.718649Z
906,281.43,buy,0.01,2015-01-08T07:43:16.860017Z
907,293.02,buy,0.01,2015-01-08T07:43:55.78346Z
908,296.7,sell,0.01,2015-01-08T07:44:12.666092Z
909,301.5,sell,0.01,2015-01-08T07:44:28.536238Z
910,276.81,sell,0.01,2015-01-08T07:45:12.997814Z
911,271.26,sell,0.01,2015-01-08T07:45:28.676367Z
912,269.81,sell,0.01,2015-01-08T07:46:10.543721Z
913,279.32,sell,0.01,2015-01-08T07:46:30.751138Z
914,289.79,sell,0.01,2015-01-08T07:46:41.194852Z
915,309.99,buy,0.01,2015-01-08T07:46:53.616835Z
916,282.24,buy,0.01,2015-01-08T07:47:29.974504Z
917,288.98,buy,0.01,2015-01-08T07:47:57.263724Z
918,304.03,buy,0.01,2015-01-08T07:48:08.914575Z
919,276.71,sell,0.01,2015-01-08T07:48:42.836495Z
920,272.38,sell,0.01,2015-01-08T07:49:16.297468Z
921,287.41,sell,0.01,2015-01-08T07:49:44.755406Z
922,268.24,buy,0.01,2015-01-08T07:50:21.9859Z
923,293.8,buy,0.01,2015-01-08T07:50:50.730847Z
924,314.03,buy,0.01,2015-01-08T07:51:19.472858Z
925,287.19,buy,0.01,2015-01-08T07:51:52.097604Z
926,279.68,buy,0.01,2015-01-08T07:52:23.298039Z
927,294.82,sell,0.01,2015-01-08T07:52:30.972225Z
928,268.71,sell,0.01,2015-01-08T07:52:42.54231Z
929,280.09,sell,0.01,2015-01-08T07:53:03.117297Z
930,281.3,sell,0.01,2015-01-08T07:53:17.892719Z
931,279.52,buy,0.01,2015-01-08T07:53:42.269357Z
932,285.57,sell,0.01,2015-01-08T07:54:14.632212Z
933,272.77,sell,0.01,2015-01-08T07:54:31.962381Z
934,273.04,buy,0.01,2015-01-08T07:54:45.381684Z
935,266.65,sell,0.01,2015-01-08T07:55:15.874149Z
936,304.71,buy,0.01,2015-01-08T07:55:31.538592Z
937,265.54,sell,0.01,2015-01-08T07:56:12.335348Z
938,296.35,sell,0.01,2015-01-08T07:56:54.345945Z
939,298.71,sell,0.01,2015-01-08T07:57:25.694579Z
940,311.66,sell,0.01,2015-01-08T07:57:58.42856Z
941,282.73,buy,0.01,2015-01-08T07:58:11.198638Z
942,294.54,sell,0.01,2015-01-08T07:58:53.233727Z
943,266.57,sell,0.01,2015-01-08T07:59:28.005298Z
944,271.13,buy,0.01,2015-01-08T08:00:10.726631Z
945,295.5,buy,0.01,2015-01-08T08:00:39.729772Z
946,285.1,buy,0.01,2015-01-08T08:01:07.289903Z
947,282.53,buy,0.01,2015-01-08T08:01:24.269144Z
948,283.17,sell,0.01,2015-01-08T08:01:39.966746Z
949,270.24,sell,0.01,2015-01-08T08:02:00.896361Z
950,270.44,buy,0.01,2015-01-08T08:02:39.872635Z
951,284.08,sell,0.01,2015-01-08T08:03:16.746222Z
952,287.12,sell,0.01,2015-01-08T08:03:48.584381Z
953,271.43,buy,0.01,2015-01-08T08:04:02.412878Z
954,296.98,buy,0.01,2015-01-08T08:04:43.800953Z
955,289.58,sell,0.01,2015-01-08T08:04:54.05859Z
956,269.45,buy,0.01,2015-01-08T08:05:27.642155Z
957,285.78,buy,0.01,2015-01-08T08:06:01.862736Z
958,271.48,sell,0.01,2015-01-08T08:06:42.088875Z
959,284.9,buy,0.01,2015-01-08T08:06:58.165185Z
960,302.54,sell,0.01,2015-01-08T08:07:20.195637Z
961,288.29,sell,0.01,2015-01-08T08:07:36.901628Z
962,283.87,sell,0.01,2015-01-08T08:07:43.047242Z
963,311.18,buy,0.01,2015-01-08T08:07:56.734471Z
964,308.6,sell,0.01,2015-01-08T08:08:33.35509Z
965,311.25,sell,0.01,2015-01-08T08:08:47.356156Z
966,284.37,buy,0.01,2015-01-08T08:09:22.839169Z
967,311.36,sell,0.01,2015-01-08T08:09:50.14299Z
968,272.09,buy,0.01,2015-01-08T08:09:58.751275Z
969,310.91,buy,0.01,2015-01-08T08:10:05.189568Z
970,297.47,sell,0.01,2015-01-08T08:10:32.161291Z
971,278.74,buy,0.01,2015-01-08T08:11:03.88229Z
972,292.46,buy,0.01,2015-01-08T08:11:45.506109Z
973,296.49,sell,0.01,2015-01-08T08:12:03.873323Z
974,276.88,sell,0.01,2015-01-08T08:12:16.593043Z
975,290.31,sell,0.01,2015-01-08T08:12:28.874638Z
976,274.87,buy,0.01,2015-01-08T08:12:57.820167Z
977,288.76,sell,0.01,2015-01-08T08:13:36.515952Z
978,309.71,buy,0.01,2015-01-08T08:14:20.194772Z
979,272.0,buy,0.01,2015-01-08T08:14:55.87588Z
980,310.81,buy,0.01,2015-01-08T08:15:02.521965Z
981,299.12,sell,0.01,2015-01-08T08:15:25.363543Z
982,314.6,buy,0.01,2015-01-08T08:15:55.153518Z
983,272.26,sell,0.01,2015-01-08T08:16:09.027371Z
984,303.81,sell,0.01,2015-01-08T08:16:40.588302Z
985,284.85,buy,0.01,2015-01-08T08:17:20.392456Z
986,270.18,sell,0.01,2015-01-08T08:17:41.11187Z
987,282.02,sell,0.01,2015-01-08T08:17:59.034012Z
988,279.92,sell,0.01,2015-01-08T08:18:40.488857Z
989,303.18,buy,0.01,2015-01-08T08:18:53.592967Z
990,285.89,sell,0.01,2015-01-08T08:19:31.804753Z
991,285.64,sell,0.01,2015-01-08T08:20:02.510773Z
992,295.82,sell,0.01,2015-01-08T08:20:36.9244Z
993,292.88,sell,0.01,2015-01-08T08:20:58.317003Z
994,298.62,buy,0.01,2015-01-08T08:21:08.762731Z
995,298.75,sell,0.01,2015-01-08T08:21:15.24708Z
996,287.87,buy,0.01,2015-01-08T08:21:43.8082Z
997,282.15,buy,0.01,2015-01-08T08:22:24.772692Z
998,278.27,buy,0.01,2015-01-08T08:23:06.232134Z
999,313.89,sell,0.01,2015-01-08T08:23:21.301812Z
1000,281.14,sell,0.01,2015-01-08T08:23:47.750051Z
1001,303.21,sell,0.01,2015-01-08T08:24:28.518176Z
